target_key	n_subjects	mean_fold_r2	sd_fold_r2	median_fold_r2	overall_r2	positives
Y_DAN	23	0.07528682916077979	0.05904712085948106	0.060886087286239454	0.07809320523287833	21
Y_DMN	23	0.03652623480603836	0.039453910898061224	0.03793939105776323	0.04365090516547343	19
Y_DNa	23	0.030493093188536918	0.04589724362940395	0.03517351910588873	0.038461966167096184	19
Y_DNb	23	0.027890983097871164	0.03439396636819755	0.030219055579964182	0.03478423531044572	20
