target_key	n	mean_r2	sd_r2	ci_low	ci_high	median_r2	positives	t_stat	t_p	wilcoxon_V	wilcoxon_p	q_fdr	dz	sign_p
Y_DAN	23	0.07528682916077979	0.05904712085948106	0.04975293934574214	0.10082071897581744	0.060886087286239454	21	6.114827333220465	1.865723470654944e-06	269.0	2.2649765014648438e-06	9.059906005859375e-06	0.9561338026750315	3.302097320556638e-05
Y_DMN	23	0.03652623480603836	0.039453910898061224	0.019465084338756083	0.05358738527332063	0.03793939105776323	19	4.439957011190217	0.00010298386263220513	246.0	0.00023758411407470703	0.00047516822814941406	0.7286281223295898	0.0012997388839721667
Y_DNa	23	0.030493093188536918	0.04589724362940395	0.010645636706516689	0.05034054967055715	0.03517351910588873	19	3.186242266261271	0.0021340653606881058	233.0	0.0013631582260131836	0.0013631582260131836	0.624922144590089	0.0012997388839721667
Y_DNb	23	0.027890983097871164	0.03439396636819755	0.013017916727071912	0.04276404946867041	0.030219055579964182	20	3.889067475527762	0.00039509403016797844	236.0	0.0009424686431884766	0.0012566248575846355	0.6480184303241254	0.00024414062499999954
